customer_id,customer_name,total_rentals,unique_films_rented,unique_inventories_used,categories_explored,rental_period_days,avg_film_release_year,avg_rental_rate,total_spent,avg_film_rating_numeric,avg_film_length,days_since_last_rental,cluster,cluster_name
148,ELEANOR HUNT,46,46,46,14,87,2006.0000,3.207391,216.54,2.8913,116.5217,175,3,Khách hàng trung thành cũ
526,KARL SEAL,45,44,45,15,87,2006.0000,3.078889,221.55,3.0667,119.7333,175,3,Khách hàng trung thành cũ
144,CLARA SHAW,42,42,42,16,88,2006.0000,3.228095,195.58,3.0238,114.4762,175,3,Khách hàng trung thành cũ
236,MARCIA DEAN,42,42,42,15,264,2006.0000,2.894762,175.58,3.3095,112.7143,0,3,Khách hàng trung thành cũ
75,TAMMY SANDERS,41,41,41,16,264,2006.0000,2.794878,155.59,2.9268,123.5366,0,3,Khách hàng trung thành cũ
197,SUE PETERS,40,40,40,15,90,2006.0000,2.940000,154.60,2.9250,107.9750,175,3,Khách hàng trung thành cũ
469,WESLEY BULL,40,38,40,14,89,2006.0000,2.640000,177.60,3.0750,120.2000,175,3,Khách hàng trung thành cũ
137,RHONDA KENNEDY,39,38,39,15,85,2006.0000,3.246410,194.61,3.4872,110.4359,175,3,Khách hàng trung thành cũ
178,MARION SNYDER,39,38,39,14,244,2006.0000,3.451538,194.61,3.4103,117.9231,0,3,Khách hàng trung thành cũ
468,TIM CARY,39,38,39,16,90,2006.0000,2.938718,175.61,2.8974,114.7692,175,3,Khách hàng trung thành cũ
5,ELIZABETH BROWN,38,38,38,15,261,2006.0000,2.621579,144.62,3.2368,119.2368,0,3,Khách hàng trung thành cũ
295,DAISY BATES,38,38,38,15,263,2006.0000,2.779474,162.62,3.3947,114.9737,0,3,Khách hàng trung thành cũ
410,CURTIS IRBY,38,37,38,14,244,2006.0000,3.200526,167.62,3.1316,112.6316,0,3,Khách hàng trung thành cũ
459,TOMMY COLLAZO,38,38,38,13,91,2006.0000,3.463684,186.62,2.7895,106.6053,175,3,Khách hàng trung thành cũ
176,JUNE CARROLL,37,37,37,13,89,2006.0000,3.152162,173.63,2.6216,115.1622,175,3,Khách hàng trung thành cũ
198,ELSIE KELLEY,37,36,37,15,88,2006.0000,2.773784,141.63,2.7838,108.4865,175,3,Khách hàng trung thành cũ
257,MARSHA DOUGLAS,37,37,37,13,90,2006.0000,2.935946,151.63,3.4054,112.2703,175,3,Khách hàng trung thành cũ
366,BRANDON HUEY,37,35,37,15,260,2006.0000,2.881892,152.63,3.0811,112.4324,0,3,Khách hàng trung thành cũ
29,ANGELA HERNANDEZ,36,36,36,15,264,2006.0000,2.934444,140.64,2.6944,121.1667,0,3,Khách hàng trung thành cũ
267,MARGIE WADE,36,36,36,14,265,2006.0000,3.101111,159.64,3.0556,110.1389,0,3,Khách hàng trung thành cũ
348,ROGER QUINTANILLA,36,34,36,14,89,2006.0000,2.878889,146.64,3.3333,110.7500,175,3,Khách hàng trung thành cũ
354,JUSTIN NGO,36,36,36,13,265,2006.0000,2.601111,129.64,2.8889,126.3889,0,3,Khách hàng trung thành cũ
380,RUSSELL BRINSON,36,35,36,14,85,2006.0000,2.378889,136.64,2.9167,128.8889,175,3,Khách hàng trung thành cũ
439,ALEXANDER FENNELL,36,35,36,14,90,2006.0000,2.934444,151.64,2.7222,109.5000,175,3,Khách hàng trung thành cũ
21,MICHELLE CLARK,35,33,35,15,264,2006.0000,2.761429,155.65,3.0857,118.7714,0,3,Khách hàng trung thành cũ
50,DIANE COLLINS,35,35,35,14,86,2006.0000,3.218571,169.65,2.9143,128.9714,175,3,Khách hàng trung thành cũ
91,LOIS BUTLER,35,35,35,15,264,2006.0000,2.304286,113.65,3.4571,107.4857,0,3,Khách hàng trung thành cũ
196,ALMA AUSTIN,35,34,35,13,90,2006.0000,2.932857,151.65,2.8571,101.9429,175,3,Khách hàng trung thành cũ
204,ROSEMARY SCHMIDT,35,35,35,16,88,2006.0000,3.218571,147.65,2.8286,113.9429,176,3,Khách hàng trung thành cũ
273,PRISCILLA LOWE,35,34,35,14,90,2006.0000,3.047143,157.65,2.4000,103.0286,175,3,Khách hàng trung thành cũ
274,NAOMI JENNINGS,35,35,35,15,264,2006.0000,3.047143,152.65,3.0857,118.9714,0,3,Khách hàng trung thành cũ
368,HARRY ARCE,35,34,35,16,90,2006.0000,3.390000,157.65,2.9143,120.6286,175,3,Khách hàng trung thành cũ
371,BILLY POULIN,35,33,35,15,90,2006.0000,2.932857,149.65,3.0857,104.2571,175,3,Khách hàng trung thành cũ
373,LOUIS LEONE,35,34,35,14,264,2006.0000,2.761429,161.65,2.6857,123.8000,0,3,Khách hàng trung thành cũ
381,BOBBY BOUDREAU,35,34,35,13,89,2006.0000,2.418571,106.65,3.1429,113.1429,175,3,Khách hàng trung thành cũ
403,MIKE WAY,35,34,35,15,87,2006.0000,3.390000,166.65,3.1429,114.9429,176,3,Khách hàng trung thành cũ
506,LESLIE SEWARD,35,35,35,14,90,2006.0000,2.475714,152.65,2.8000,111.1714,175,3,Khách hàng trung thành cũ
26,JESSICA HALL,34,34,34,14,86,2006.0000,2.931176,152.66,2.9412,122.0588,175,3,Khách hàng trung thành cũ
30,MELISSA KING,34,31,34,15,67,2006.0000,2.519412,123.66,2.9118,116.9706,175,3,Khách hàng trung thành cũ
38,MARTHA GONZALEZ,34,34,34,13,69,2006.0000,2.578235,127.66,3.2353,124.6176,175,3,Khách hàng trung thành cũ
46,CATHERINE CAMPBELL,34,33,34,15,88,2006.0000,3.342941,142.66,3.3235,107.8235,175,3,Khách hàng trung thành cũ
66,JANICE WARD,34,34,34,15,85,2006.0000,3.107647,144.66,3.1765,128.4118,175,3,Khách hàng trung thành cũ
119,SHERRY MARSHALL,34,32,34,14,90,2006.0000,3.048824,153.66,3.1471,134.7647,175,3,Khách hàng trung thành cũ
129,CARRIE PORTER,34,33,34,15,67,2006.0000,2.695882,124.66,3.4706,111.4706,176,3,Khách hàng trung thành cũ
138,HAZEL WARREN,34,34,34,14,87,2006.0000,2.519412,110.66,3.0294,116.7647,175,3,Khách hàng trung thành cũ
147,JOANNE ROBERTSON,34,34,34,13,88,2006.0000,2.637059,127.66,3.4412,104.4118,175,3,Khách hàng trung thành cũ
168,REGINA BERRY,34,34,34,13,263,2006.0000,2.637059,135.66,2.4118,119.1471,0,3,Khách hàng trung thành cũ
181,ANA BRADLEY,34,32,34,15,262,2006.0000,3.342941,174.66,3.2059,110.5882,0,3,Khách hàng trung thành cũ
207,GERTRUDE CASTILLO,34,34,34,15,90,2006.0000,2.225294,137.66,3.1176,115.7647,175,3,Khách hàng trung thành cũ
211,STACEY MONTGOMERY,34,33,34,14,264,2006.0000,3.048824,151.66,2.7941,111.5000,0,3,Khách hàng trung thành cũ
239,MINNIE ROMERO,34,34,34,15,88,2006.0000,3.048824,142.66,2.9412,115.0294,178,3,Khách hàng trung thành cũ
241,HEIDI LARSON,34,34,34,14,87,2006.0000,2.401765,122.66,2.8824,115.9118,175,3,Khách hàng trung thành cũ
360,RALPH MADRIGAL,34,34,34,14,86,2006.0000,3.048824,150.66,3.0882,109.9118,176,3,Khách hàng trung thành cũ
372,STEVE MACKENZIE,34,33,34,14,87,2006.0000,3.107647,158.66,3.1765,123.7059,175,3,Khách hàng trung thành cũ
473,JORGE OLIVARES,34,34,34,15,88,2006.0000,2.931176,134.66,3.1176,116.5294,175,3,Khách hàng trung thành cũ
502,BRETT CORNWELL,34,33,34,14,89,2006.0000,2.872353,138.66,3.4706,123.4412,175,3,Khách hàng trung thành cũ
566,CASEY MENA,34,33,34,16,87,2006.0000,2.813529,141.66,2.7059,114.4412,177,3,Khách hàng trung thành cũ
576,MORRIS MCCARTER,34,34,34,13,261,2006.0000,3.166471,139.66,3.4412,112.6176,0,3,Khách hàng trung thành cũ
7,MARIA MILLER,33,32,33,14,88,2006.0000,2.990000,151.67,3.1515,105.8788,177,3,Khách hàng trung thành cũ
51,ALICE STEWART,33,33,33,13,89,2006.0000,2.990000,138.67,2.4242,106.0303,176,3,Khách hàng trung thành cũ
64,JUDITH COX,33,32,33,14,262,2006.0000,2.141515,100.67,3.0303,106.5152,0,0,Khách hàng thỉnh thoảng
84,SARA PERRY,33,32,33,14,87,2006.0000,3.111212,141.67,3.2727,106.7879,176,3,Khách hàng trung thành cũ
86,JACQUELINE LONG,33,33,33,15,90,2006.0000,3.232424,148.67,2.8182,116.8182,175,3,Khách hàng trung thành cũ
102,CRYSTAL FORD,33,33,33,14,89,2006.0000,2.626364,137.67,3.0909,118.0000,175,3,Khách hàng trung thành cũ
114,GRACE ELLIS,33,33,33,15,264,2006.0000,3.414242,139.67,3.0303,123.0303,0,3,Khách hàng trung thành cũ
172,BERNICE WILLIS,33,33,33,13,88,2006.0000,2.929394,145.67,2.6667,117.9394,175,3,Khách hàng trung thành cũ
230,JOY GEORGE,33,33,33,13,88,2006.0000,2.686970,124.67,3.0000,108.9697,177,3,Khách hàng trung thành cũ
237,TANYA GILBERT,33,31,33,15,90,2006.0000,2.808182,144.67,2.8485,112.1212,175,3,Khách hàng trung thành cũ
297,SHERRI RHODES,33,33,33,13,90,2006.0000,2.686970,128.67,2.9697,122.1212,175,3,Khách hàng trung thành cũ
314,GEORGE LINTON,33,30,33,15,90,2006.0000,2.444545,131.67,3.6667,111.7879,175,3,Khách hàng trung thành cũ
390,SHAWN HEATON,33,33,33,13,88,2006.0000,3.535455,152.67,3.3030,110.8182,176,3,Khách hàng trung thành cũ
438,BARRY LOVELACE,33,32,33,15,265,2006.0000,2.990000,134.67,2.7576,120.8788,0,3,Khách hàng trung thành cũ
451,JIM REA,33,32,33,14,90,2006.0000,2.747576,128.67,3.1818,113.6061,175,3,Khách hàng trung thành cũ
454,ALEX GRESHAM,33,33,33,16,86,2006.0000,3.414242,151.67,3.2121,116.8788,175,3,Khách hàng trung thành cũ
462,WARREN SHERROD,33,33,33,15,89,2006.0000,3.414242,159.67,2.6364,128.2727,175,3,Khách hàng trung thành cũ
522,ARNOLD HAVENS,33,33,33,16,88,2006.0000,3.353636,167.67,3.3030,113.6970,175,3,Khách hàng trung thành cũ
533,JESSIE MILAM,33,33,33,13,264,2006.0000,2.868788,141.67,3.6061,108.4545,0,3,Khách hàng trung thành cũ
1,MARY SMITH,32,30,32,14,89,2006.0000,2.927500,118.68,3.2500,122.3750,176,3,Khách hàng trung thành cũ
15,HELEN HARRIS,32,30,32,13,241,2006.0000,3.240000,134.68,3.2500,119.3125,0,0,Khách hàng thỉnh thoảng
28,CYNTHIA YOUNG,32,32,32,16,263,2006.0000,2.677500,111.68,3.0313,124.1563,0,3,Khách hàng trung thành cũ
35,VIRGINIA GREEN,32,32,32,13,88,2006.0000,2.677500,129.68,3.0625,106.6875,177,3,Khách hàng trung thành cũ
89,JULIA FLORES,32,32,32,15,90,2006.0000,2.865000,134.68,3.0000,109.7813,175,3,Khách hàng trung thành cũ
120,SYLVIA ORTIZ,32,32,32,13,265,2006.0000,2.927500,143.68,3.2813,111.4688,0,3,Khách hàng trung thành cũ
122,THELMA MURRAY,32,27,32,12,83,2006.0000,2.740000,126.68,3.0625,122.5313,177,2,Khách hàng thỉnh thoảng
125,ETHEL WEBB,32,32,32,13,88,2006.0000,3.177500,135.68,3.3125,119.0625,176,3,Khách hàng trung thành cũ
128,MARJORIE TUCKER,32,32,32,13,85,2006.0000,2.802500,127.68,3.3750,122.2188,175,3,Khách hàng trung thành cũ
141,DEBBIE REYES,32,32,32,12,85,2006.0000,3.177500,130.68,2.8750,112.4063,175,3,Khách hàng trung thành cũ
158,VERONICA STONE,32,31,32,15,89,2006.0000,2.802500,126.68,3.0625,106.5625,175,3,Khách hàng trung thành cũ
167,SALLY PIERCE,32,31,32,16,89,2006.0000,3.052500,119.68,3.2188,117.5625,175,3,Khách hàng trung thành cũ
209,TONYA CHAPMAN,32,31,32,13,88,2006.0000,3.365000,161.68,2.9375,124.1250,175,3,Khách hàng trung thành cũ
242,GLENDA FRAZIER,32,31,32,13,89,2006.0000,2.927500,140.68,3.0000,114.2813,176,3,Khách hàng trung thành cũ
244,VIOLA HANSON,32,31,32,14,262,2006.0000,2.427500,129.68,3.2500,118.5625,0,0,Khách hàng thỉnh thoảng
245,COURTNEY DAY,32,30,32,15,265,2006.0000,2.552500,132.68,2.8125,111.3438,0,3,Khách hàng trung thành cũ
254,MAXINE SILVA,32,32,32,14,89,2006.0000,2.802500,116.68,3.2813,115.0625,175,3,Khách hàng trung thành cũ
259,LENA JENSEN,32,31,32,14,86,2006.0000,3.427500,168.68,2.9688,114.4688,175,3,Khách hàng trung thành cũ
277,OLGA JIMENEZ,32,32,32,14,88,2006.0000,3.177500,144.68,3.2500,105.6563,176,3,Khách hàng trung thành cũ
306,CHARLES KOWALSKI,32,32,32,13,88,2006.0000,3.177500,138.68,2.7500,115.7188,175,3,Khách hàng trung thành cũ
329,FRANK WAGGONER,32,32,32,13,68,2006.0000,2.802500,127.68,2.8125,123.3750,176,3,Khách hàng trung thành cũ
342,HAROLD MARTINO,32,31,32,12,66,2006.0000,3.115000,130.68,3.2500,110.1563,175,3,Khách hàng trung thành cũ
346,ARTHUR SIMPKINS,32,32,32,13,90,2006.0000,3.490000,155.68,3.1250,108.2188,175,3,Khách hàng trung thành cũ
362,NICHOLAS BARFIELD,32,32,32,14,83,2006.0000,3.177500,145.68,3.2813,119.8750,176,3,Khách hàng trung thành cũ
405,LEONARD SCHOFIELD,32,30,32,13,265,2006.0000,2.302500,109.68,3.7188,106.8125,0,0,Khách hàng thỉnh thoảng
406,NATHAN RUNYON,32,32,32,13,83,2006.0000,2.990000,122.68,3.1563,102.5625,177,3,Khách hàng trung thành cũ
442,LEROY BUSTAMANTE,32,32,32,15,87,2006.0000,2.865000,118.68,2.6875,98.5625,176,3,Khách hàng trung thành cũ
452,TOM MILNER,32,31,32,14,263,2006.0000,2.427500,107.68,3.1875,111.2813,0,0,Khách hàng thỉnh thoảng
470,GORDON ALLARD,32,32,32,13,88,2006.0000,3.427500,160.68,2.9688,123.0625,177,3,Khách hàng trung thành cũ
503,ANGEL BARCLAY,32,31,32,14,90,2006.0000,3.115000,115.68,3.0938,109.6875,175,3,Khách hàng trung thành cũ
520,MITCHELL WESTMORELAND,32,32,32,15,85,2006.0000,2.990000,134.68,3.1250,116.7500,175,3,Khách hàng trung thành cũ
532,NEIL RENNER,32,31,32,14,265,2006.0000,3.052500,152.68,2.9688,121.2188,0,3,Khách hàng trung thành cũ
535,JAVIER ELROD,32,32,32,15,90,2006.0000,2.865000,135.68,3.1875,101.9688,175,3,Khách hàng trung thành cũ
550,GUY BROWNLEE,32,32,32,15,260,2006.0000,3.302500,159.68,3.2188,103.4063,0,3,Khách hàng trung thành cũ
569,DAVE GARDINER,32,31,32,14,90,2006.0000,3.177500,134.68,3.0000,124.0938,175,3,Khách hàng trung thành cũ
27,SHIRLEY ALLEN,31,30,31,13,85,2006.0000,2.796452,126.69,2.5806,118.1290,176,2,Khách hàng thỉnh thoảng
78,LORI WOOD,31,31,31,12,66,2006.0000,2.925484,141.69,3.0000,119.7742,175,3,Khách hàng trung thành cũ
103,GLADYS HAMILTON,31,31,31,15,89,2006.0000,3.248065,146.69,3.2903,115.1935,175,3,Khách hàng trung thành cũ
157,DARLENE ROSE,31,31,31,14,87,2006.0000,2.990000,113.69,3.3871,120.8065,176,3,Khách hàng trung thành cũ
186,HOLLY FOX,31,30,31,12,262,2006.0000,2.796452,114.69,3.1290,119.0000,0,0,Khách hàng thỉnh thoảng
210,ELLA OLIVER,31,31,31,13,85,2006.0000,2.990000,137.69,3.5161,126.3226,175,3,Khách hàng trung thành cũ
214,KRISTIN JOHNSTON,31,30,31,15,264,2006.0000,2.796452,116.69,3.1613,128.4194,0,0,Khách hàng thỉnh thoảng
251,VICKIE BREWER,31,29,31,13,264,2006.0000,3.054516,120.69,3.0323,112.3871,0,0,Khách hàng thỉnh thoảng
260,CHRISTY VARGAS,31,30,31,13,82,2006.0000,2.473871,122.69,3.4194,98.2258,177,2,Khách hàng thỉnh thoảng
279,DIANNE SHELTON,31,31,31,11,260,2006.0000,3.119032,135.69,2.7097,97.6129,0,0,Khách hàng thỉnh thoảng
293,MAE FLETCHER,31,30,31,13,88,2006.0000,3.312581,158.69,3.1935,123.4839,175,3,Khách hàng trung thành cũ
300,JOHN FARNSWORTH,31,31,31,15,263,2006.0000,2.925484,137.69,2.9032,120.0645,0,3,Khách hàng trung thành cũ
309,CHRISTOPHER GRECO,31,31,31,13,88,2006.0000,3.248065,147.69,3.2581,126.7742,176,3,Khách hàng trung thành cũ
323,MATTHEW MAHAN,31,30,31,12,90,2006.0000,2.667419,114.69,2.5161,99.6452,175,2,Khách hàng thỉnh thoảng
340,PATRICK NEWSOM,31,31,31,13,68,2006.0000,3.054516,119.69,3.0323,110.1613,176,2,Khách hàng thỉnh thoảng
361,LAWRENCE LAWTON,31,31,31,12,263,2006.0000,2.215806,100.69,2.7419,110.1613,0,0,Khách hàng thỉnh thoảng
393,PHILIP CAUSEY,31,31,31,14,87,2006.0000,2.538387,121.69,3.0000,105.7742,175,2,Khách hàng thỉnh thoảng
416,JEFFERY PINSON,31,31,31,15,89,2006.0000,2.602903,121.69,3.0968,105.6129,175,3,Khách hàng trung thành cũ
446,THEODORE CULP,31,30,31,13,90,2006.0000,2.731935,116.69,3.0000,105.7742,175,2,Khách hàng thỉnh thoảng
479,ZACHARY HITE,31,31,31,14,265,2006.0000,2.925484,146.69,2.8387,121.6452,0,3,Khách hàng trung thành cũ
494,RAMON CHOATE,31,31,31,14,86,2006.0000,2.925484,140.69,3.2258,111.5806,176,3,Khách hàng trung thành cũ
513,DUANE TUBBS,31,29,31,13,85,2006.0000,3.377097,148.69,3.1290,108.2258,175,3,Khách hàng trung thành cũ
20,SHARON ROBINSON,30,30,30,14,89,2006.0000,2.856667,115.70,2.8667,117.4000,175,2,Khách hàng thỉnh thoảng
23,SARAH LEWIS,30,29,30,12,265,2006.0000,2.790000,119.70,2.9667,122.6333,0,0,Khách hàng thỉnh thoảng
42,CAROLYN PEREZ,30,28,30,16,262,2006.0000,2.590000,117.70,3.0000,113.9667,0,0,Khách hàng thỉnh thoảng
53,HEATHER MORRIS,30,30,30,13,265,2006.0000,3.123333,115.70,2.8333,118.9000,0,0,Khách hàng thỉnh thoảng
56,GLORIA COOK,30,29,30,14,265,2006.0000,3.056667,135.70,3.0000,105.5333,0,0,Khách hàng thỉnh thoảng
71,KATHY JAMES,30,30,30,14,89,2006.0000,3.323333,129.70,3.1667,114.6333,175,3,Khách hàng trung thành cũ
72,THERESA WATSON,30,28,30,14,85,2006.0000,2.523333,99.70,3.6000,112.5000,176,2,Khách hàng thỉnh thoảng
80,MARILYN ROSS,30,29,30,15,240,2006.0000,2.990000,137.70,3.0000,114.9667,0,0,Khách hàng thỉnh thoảng
87,WANDA PATTERSON,30,29,30,13,263,2006.0000,3.323333,145.70,3.3667,114.8667,0,0,Khách hàng thỉnh thoảng
107,FLORENCE WOODS,30,30,30,12,264,2006.0000,2.990000,126.70,3.3667,125.8333,0,0,Khách hàng thỉnh thoảng
108,TRACY COLE,30,29,30,14,265,2006.0000,3.323333,132.70,2.9667,115.1000,0,0,Khách hàng thỉnh thoảng
112,ROSA REYNOLDS,30,30,30,13,88,2006.0000,3.190000,133.70,3.1333,125.9667,175,3,Khách hàng trung thành cũ
115,WENDY HARRISON,30,30,30,13,260,2006.0000,2.256667,91.70,2.7333,119.0333,0,0,Khách hàng thỉnh thoảng
131,MONICA HICKS,30,30,30,15,90,2006.0000,3.123333,128.70,2.6667,115.6667,175,3,Khách hàng trung thành cũ
135,JUANITA MASON,30,30,30,15,265,2006.0000,2.256667,110.70,3.3000,114.4667,0,0,Khách hàng thỉnh thoảng
154,MICHELE GRANT,30,30,30,14,88,2006.0000,3.256667,130.70,3.2667,103.7667,175,3,Khách hàng trung thành cũ
161,GERALDINE PERKINS,30,30,30,14,87,2006.0000,2.790000,112.70,3.3000,116.5667,176,2,Khách hàng thỉnh thoảng
256,MABEL HOLLAND,30,29,30,14,90,2006.0000,2.656667,112.70,3.2333,125.6667,175,2,Khách hàng thỉnh thoảng
269,CASSANDRA WALTERS,30,29,30,12,266,2006.0000,3.123333,129.70,3.1000,114.5000,0,0,Khách hàng thỉnh thoảng
275,CAROLE BARNETT,30,30,30,16,88,2006.0000,2.523333,108.70,3.3333,107.1667,175,2,Khách hàng thỉnh thoảng
289,VIOLET RODRIQUEZ,30,30,30,14,66,2006.0000,3.123333,142.70,3.3000,119.2000,176,3,Khách hàng trung thành cũ
296,RAMONA HALE,30,29,30,15,264,2006.0000,3.323333,129.70,3.2333,118.9333,0,0,Khách hàng thỉnh thoảng
299,JAMES GANNON,30,30,30,12,87,2006.0000,3.056667,131.70,3.2333,114.9333,176,2,Khách hàng thỉnh thoảng
307,JOSEPH JOY,30,30,30,15,88,2006.0000,3.190000,134.70,2.9333,112.9667,175,3,Khách hàng trung thành cũ
319,RONALD WEINER,30,29,30,15,89,2006.0000,2.923333,132.70,2.9000,111.8000,176,3,Khách hàng trung thành cũ
334,RAYMOND MCWHORTER,30,28,30,12,265,2006.0000,3.323333,135.70,3.2667,123.6000,0,0,Khách hàng thỉnh thoảng
336,JOSHUA MARK,30,30,30,13,244,2006.0000,3.256667,119.70,2.6667,110.0667,0,0,Khách hàng thỉnh thoảng
339,WALTER PERRYMAN,30,30,30,11,83,2006.0000,2.856667,127.70,3.4000,117.9333,177,2,Khách hàng thỉnh thoảng
347,RYAN SALISBURY,30,30,30,13,68,2006.0000,3.656667,142.70,3.1333,123.9000,175,3,Khách hàng trung thành cũ
356,GERALD FULTZ,30,29,30,11,84,2006.0000,2.856667,121.70,3.5667,121.3333,175,2,Khách hàng thỉnh thoảng
388,CRAIG MORRELL,30,30,30,14,265,2006.0000,2.790000,124.70,3.4000,116.7333,0,0,Khách hàng thỉnh thoảng
391,CLARENCE GAMEZ,30,29,30,14,88,2006.0000,2.390000,104.70,3.0000,106.4333,177,2,Khách hàng thỉnh thoảng
404,STANLEY SCROGGINS,30,30,30,13,83,2006.0000,3.190000,139.70,3.0000,123.1333,176,3,Khách hàng trung thành cũ
408,MANUEL MURRELL,30,29,30,11,91,2006.0000,3.056667,116.70,2.6333,116.8000,175,2,Khách hàng thỉnh thoảng
418,JEFF EAST,30,30,30,15,65,2006.0000,2.790000,107.70,2.8667,118.0667,175,2,Khách hàng thỉnh thoảng
424,KYLE SPURLOCK,30,30,30,13,263,2006.0000,2.790000,110.70,3.3667,122.8667,0,0,Khách hàng thỉnh thoảng
436,TROY QUIGLEY,30,30,30,14,90,2006.0000,2.856667,144.70,3.1667,114.8667,175,3,Khách hàng trung thành cũ
444,MARCUS HIDALGO,30,30,30,15,89,2006.0000,2.656667,115.70,3.5333,115.2333,175,2,Khách hàng thỉnh thoảng
472,GREG ROBINS,30,30,30,12,265,2006.0000,3.256667,141.70,2.9667,102.5333,0,0,Khách hàng thỉnh thoảng
484,ROBERTO VU,30,30,30,16,90,2006.0000,3.256667,139.70,3.1667,117.1000,175,3,Khách hàng trung thành cũ
499,MARC OUTLAW,30,29,30,15,90,2006.0000,2.856667,123.70,2.9333,112.8667,175,2,Khách hàng thỉnh thoảng
560,JORDAN ARCHULETA,30,29,30,13,265,2006.0000,3.056667,132.70,2.7333,105.3000,0,0,Khách hàng thỉnh thoảng
584,SALVADOR TEEL,30,30,30,14,88,2006.0000,3.123333,129.70,2.9333,109.8667,175,3,Khách hàng trung thành cũ
595,TERRENCE GUNDERSON,30,30,30,16,87,2006.0000,2.856667,117.70,2.9667,123.1333,175,3,Khách hàng trung thành cũ
25,DEBORAH WALKER,29,29,29,14,90,2006.0000,3.196897,115.71,3.3793,112.8276,175,2,Khách hàng thỉnh thoảng
32,AMY LOPEZ,29,29,29,13,86,2006.0000,3.196897,127.71,3.0345,123.5517,177,2,Khách hàng thỉnh thoảng
39,DEBRA NELSON,29,28,29,15,67,2006.0000,2.990000,141.71,3.0345,119.0345,176,3,Khách hàng trung thành cũ
52,JULIE SANCHEZ,29,29,29,15,260,2006.0000,2.507241,107.71,3.0000,131.3103,0,0,Khách hàng thỉnh thoảng
54,TERESA ROGERS,29,28,29,12,89,2006.0000,3.265862,128.71,2.9655,117.3448,175,2,Khách hàng thỉnh thoảng
113,CINDY FISHER,29,28,29,16,87,2006.0000,2.645172,113.71,2.8621,125.3793,175,2,Khách hàng thỉnh thoảng
146,JAMIE RICE,29,29,29,14,86,2006.0000,3.403793,139.71,3.0000,126.6897,175,3,Khách hàng trung thành cũ
163,CATHY SPENCER,29,28,29,12,244,2006.0000,2.852069,122.71,2.5862,109.3103,0,0,Khách hàng thỉnh thoảng
173,AUDREY RAY,29,28,29,13,87,2006.0000,2.990000,119.71,2.7241,119.8966,175,2,Khách hàng thỉnh thoảng
179,DANA HART,29,29,29,14,87,2006.0000,3.127931,133.71,3.1379,101.0690,175,2,Khách hàng thỉnh thoảng
253,TERRY CARLSON,29,29,29,14,86,2006.0000,3.127931,127.71,2.9655,115.4138,176,2,Khách hàng thỉnh thoảng
263,HILDA HOPKINS,29,29,29,14,265,2006.0000,2.921034,122.71,3.0345,106.2069,0,0,Khách hàng thỉnh thoảng
265,JENNIE TERRY,29,29,29,13,89,2006.0000,3.265862,133.71,2.8966,109.7931,176,2,Khách hàng thỉnh thoảng
268,NINA SOTO,29,29,29,14,68,2006.0000,3.196897,123.71,2.5172,113.2414,176,2,Khách hàng thỉnh thoảng
287,BECKY MILES,29,28,29,11,262,2006.0000,2.783103,115.71,2.9310,116.0690,0,0,Khách hàng thỉnh thoảng
302,MICHAEL SILVERMAN,29,28,29,13,90,2006.0000,2.852069,127.71,3.1724,108.4483,175,2,Khách hàng thỉnh thoảng
316,STEVEN CURLEY,29,28,29,13,90,2006.0000,3.265862,132.71,2.7931,107.9310,175,2,Khách hàng thỉnh thoảng
337,JERRY JORDON,29,29,29,13,263,2006.0000,3.058966,143.71,2.7586,100.8621,0,0,Khách hàng thỉnh thoảng
349,JOE GILLILAND,29,28,29,12,260,2006.0000,3.610690,138.71,3.2759,111.6552,0,0,Khách hàng thỉnh thoảng
363,ROY WHITING,29,29,29,14,85,2006.0000,3.472759,143.71,3.1034,117.5517,176,3,Khách hàng trung thành cũ
386,TODD TAN,29,28,29,12,87,2006.0000,2.852069,117.71,3.0690,117.1724,175,2,Khách hàng thỉnh thoảng
397,JIMMY SCHRADER,29,29,29,14,83,2006.0000,2.783103,105.71,3.6552,114.6897,176,2,Khách hàng thỉnh thoảng
447,CLIFFORD BOWENS,29,28,29,13,88,2006.0000,2.645172,113.71,3.0690,110.0345,175,2,Khách hàng thỉnh thoảng
448,MIGUEL BETANCOURT,29,29,29,13,264,2006.0000,2.990000,135.71,3.3448,117.7586,0,0,Khách hàng thỉnh thoảng
467,ALVIN DELOACH,29,28,29,16,89,2006.0000,3.265862,139.71,3.0690,117.9310,175,3,Khách hàng trung thành cũ
481,HERMAN DEVORE,29,29,29,13,82,2006.0000,3.127931,115.71,3.1379,101.4138,177,2,Khách hàng thỉnh thoảng
482,MAURICE CRAWLEY,29,26,29,14,89,2006.0000,3.403793,138.71,2.8966,119.6207,175,2,Khách hàng thỉnh thoảng
485,CLYDE TOBIAS,29,29,29,14,80,2006.0000,2.645172,115.71,3.3103,112.5862,179,2,Khách hàng thỉnh thoảng
529,ERIK GUILLEN,29,29,29,13,87,2006.0000,2.990000,118.71,3.2069,114.4828,176,2,Khách hàng thỉnh thoảng
538,TED BREAUX,29,29,29,14,86,2006.0000,3.058966,117.71,2.7931,112.5172,176,2,Khách hàng thỉnh thoảng
563,KEN PREWITT,29,27,29,14,86,2006.0000,2.438276,110.71,2.7586,112.4828,175,2,Khách hàng thỉnh thoảng
565,JAIME NETTLES,29,29,29,16,88,2006.0000,2.852069,126.71,3.2759,107.4483,175,2,Khách hàng thỉnh thoảng
573,BYRON BOX,29,28,29,15,82,2006.0000,2.645172,120.71,3.0690,111.7241,179,2,Khách hàng thỉnh thoảng
575,ISAAC OGLESBY,29,29,29,13,90,2006.0000,3.403793,126.71,2.8966,118.0690,175,2,Khách hàng thỉnh thoảng
588,MARION OCAMPO,29,29,29,11,86,2006.0000,3.265862,115.71,2.8966,121.1034,176,2,Khách hàng thỉnh thoảng
592,TERRANCE ROUSH,29,29,29,13,245,2006.0000,2.576207,111.71,2.6207,106.8966,0,0,Khách hàng thỉnh thoảng
6,JENNIFER DAVIS,28,26,28,13,90,2006.0000,1.990000,93.72,2.8929,106.1786,175,2,Khách hàng thỉnh thoảng
12,NANCY THOMAS,28,27,28,12,85,2006.0000,2.418571,103.72,2.8214,108.8571,175,2,Khách hàng thỉnh thoảng
14,BETTY WHITE,28,28,28,13,264,2006.0000,2.847143,117.72,3.5000,121.8571,0,0,Khách hàng thỉnh thoảng
16,SANDRA MARTIN,28,28,28,13,86,2006.0000,3.204286,118.72,2.9643,120.0000,177,2,Khách hàng thỉnh thoảng
49,JOYCE EDWARDS,28,28,28,13,88,2006.0000,3.347143,130.72,3.1429,115.8571,177,2,Khách hàng thỉnh thoảng
57,EVELYN MORGAN,28,28,28,12,89,2006.0000,2.704286,114.72,2.8214,110.8571,175,2,Khách hàng thỉnh thoảng
77,JANE BENNETT,28,28,28,12,88,2006.0000,2.347143,100.72,3.3214,111.3929,176,2,Khách hàng thỉnh thoảng
90,RUBY WASHINGTON,28,27,28,12,67,2006.0000,2.704286,110.72,2.9643,112.3214,175,2,Khách hàng thỉnh thoảng
92,TINA SIMMONS,28,28,28,13,88,2006.0000,3.347143,133.72,3.0000,103.7857,176,2,Khách hàng thỉnh thoảng
126,ELLEN SIMPSON,28,28,28,11,90,2006.0000,3.061429,117.72,3.0714,106.3214,175,2,Khách hàng thỉnh thoảng
132,ESTHER CRAWFORD,28,27,28,12,68,2006.0000,2.490000,95.72,3.4286,118.5714,175,2,Khách hàng thỉnh thoảng
145,LUCILLE HOLMES,28,28,28,11,85,2006.0000,2.704286,108.72,2.7857,111.5714,177,2,Khách hàng thỉnh thoảng
166,LYNN PAYNE,28,28,28,14,87,2006.0000,3.061429,123.72,2.8929,103.7857,175,2,Khách hàng thỉnh thoảng
187,BRITTANY RILEY,28,28,28,14,89,2006.0000,3.347143,159.72,3.0357,123.2143,175,3,Khách hàng trung thành cũ
213,GINA WILLIAMSON,28,28,28,12,263,2006.0000,3.204286,111.72,3.1071,123.0714,0,0,Khách hàng thỉnh thoảng
221,BESSIE MORRISON,28,28,28,15,88,2006.0000,2.775714,132.72,2.7500,118.0714,176,2,Khách hàng thỉnh thoảng
262,PATSY DAVIDSON,28,28,28,15,85,2006.0000,2.847143,119.72,3.5714,125.4643,175,2,Khách hàng thỉnh thoảng
266,NORA HERRERA,28,28,28,13,89,2006.0000,3.132857,118.72,3.5714,104.4643,176,2,Khách hàng thỉnh thoảng
276,BRANDY GRAVES,28,27,28,15,86,2006.0000,3.132857,122.72,3.1786,99.4643,175,2,Khách hàng thỉnh thoảng
283,FELICIA SUTTON,28,28,28,14,68,2006.0000,2.561429,86.72,3.1786,114.0000,175,2,Khách hàng thỉnh thoảng
284,SONIA GREGORY,28,28,28,12,263,2006.0000,3.132857,126.72,2.7500,113.4643,0,0,Khách hàng thỉnh thoảng
290,KRISTINA CHAMBERS,28,28,28,14,86,2006.0000,2.704286,109.72,2.9286,109.1429,178,2,Khách hàng thỉnh thoảng
317,EDWARD BAUGH,28,26,28,13,265,2006.0000,2.918571,114.72,3.1071,117.9286,0,0,Khách hàng thỉnh thoảng
322,JASON MORRISSEY,28,26,28,14,89,2006.0000,3.204286,128.72,3.4643,132.7857,175,2,Khách hàng thỉnh thoảng
332,STEPHEN QUALLS,28,27,28,14,86,2006.0000,2.775714,118.72,3.2500,128.4643,176,2,Khách hàng thỉnh thoảng
338,DENNIS GILMAN,28,28,28,12,86,2006.0000,2.990000,114.72,3.0000,104.5357,176,2,Khách hàng thỉnh thoảng
374,JEREMY HURTADO,28,28,28,15,262,2006.0000,2.847143,103.72,2.9643,95.4643,0,0,Khách hàng thỉnh thoảng
376,RANDY GAITHER,28,26,28,13,86,2006.0000,2.775714,110.72,2.9286,111.8571,176,2,Khách hàng thỉnh thoảng
400,BRYAN HARDISON,28,28,28,16,90,2006.0000,2.918571,124.72,3.0357,109.5357,175,2,Khách hàng thỉnh thoảng
441,MARIO CHEATHAM,28,28,28,14,261,2006.0000,3.061429,112.72,3.3214,107.3929,0,0,Khách hàng thỉnh thoảng
457,BILL GAVIN,28,28,28,12,259,2006.0000,2.918571,114.72,3.6429,110.2500,0,0,Khách hàng thỉnh thoảng
461,DEREK BLAKELY,28,28,28,12,86,2006.0000,2.490000,97.72,2.9286,118.6071,175,2,Khách hàng thỉnh thoảng
497,GILBERT SLEDGE,28,28,28,11,259,2006.0000,3.490000,129.72,2.6071,110.9643,0,0,Khách hàng thỉnh thoảng
500,REGINALD KINDER,28,28,28,13,90,2006.0000,2.847143,115.72,3.0000,115.3571,175,2,Khách hàng thỉnh thoảng
504,NATHANIEL ADAM,28,28,28,14,90,2006.0000,3.204286,133.72,3.0000,121.2143,175,2,Khách hàng thỉnh thoảng
515,ANDRE RAPP,28,28,28,13,88,2006.0000,3.132857,126.72,3.1786,116.1429,176,2,Khách hàng thỉnh thoảng
558,JIMMIE EGGLESTON,28,27,28,13,65,2006.0000,3.204286,135.72,2.7857,117.8571,177,2,Khách hàng thỉnh thoảng
559,EVERETT BANDA,28,28,28,14,65,2006.0000,2.490000,110.72,2.8571,122.7143,175,2,Khách hàng thỉnh thoảng
574,JULIAN VEST,28,28,28,14,87,2006.0000,2.990000,109.72,2.5714,105.5357,176,2,Khách hàng thỉnh thoảng
589,TRACY HERRMANN,28,28,28,14,87,2006.0000,3.204286,129.72,3.0000,123.1429,175,2,Khách hàng thỉnh thoảng
596,ENRIQUE FORSYTHE,28,28,28,14,264,2006.0000,2.775714,96.72,3.3214,109.0000,0,0,Khách hàng thỉnh thoảng
2,PATRICIA JOHNSON,27,27,27,13,88,2006.0000,3.064074,128.73,3.0741,113.7407,175,2,Khách hàng thỉnh thoảng
13,KAREN JACKSON,27,27,27,11,66,2006.0000,3.138148,131.73,3.1852,114.9259,176,2,Khách hàng thỉnh thoảng
36,KATHLEEN ADAMS,27,26,27,13,88,2006.0000,2.693704,92.73,3.7778,111.2222,175,2,Khách hàng thỉnh thoảng
40,AMANDA CARTER,27,26,27,13,89,2006.0000,2.471481,110.73,3.4074,115.4815,176,2,Khách hàng thỉnh thoảng
45,JANET PHILLIPS,27,27,27,13,89,2006.0000,3.434444,127.73,3.0741,128.7037,175,2,Khách hàng thỉnh thoảng
58,JEAN BELL,27,26,27,14,264,2006.0000,3.064074,115.73,2.8519,107.6667,0,0,Khách hàng thỉnh thoảng
59,CHERYL MURPHY,27,26,27,13,89,2006.0000,2.990000,133.73,2.8889,111.6296,175,2,Khách hàng thỉnh thoảng
74,DENISE KELLY,27,26,27,13,84,2006.0000,2.397407,103.73,2.5556,115.1481,175,2,Khách hàng thỉnh thoảng
96,DIANA ALEXANDER,27,27,27,13,69,2006.0000,3.212222,105.73,2.8519,111.3704,175,2,Khách hàng thỉnh thoảng
116,VICTORIA GIBSON,27,27,27,14,83,2006.0000,2.990000,111.73,3.0370,99.4444,176,2,Khách hàng thỉnh thoảng
133,PAULINE HENRY,27,27,27,12,89,2006.0000,2.693704,98.73,2.9630,105.8148,175,2,Khách hàng thỉnh thoảng
139,AMBER DIXON,27,27,27,13,70,2006.0000,2.841852,113.73,2.8148,120.9630,175,2,Khách hàng thỉnh thoảng
151,MEGAN PALMER,27,27,27,13,89,2006.0000,2.619630,92.73,2.8519,101.1852,175,2,Khách hàng thỉnh thoảng
160,ERIN DUNN,27,26,27,14,66,2006.0000,2.841852,106.73,2.6667,110.7037,175,2,Khách hàng thỉnh thoảng
190,YOLANDA WEAVER,27,26,27,12,263,2006.0000,3.138148,110.73,2.7407,109.1111,0,0,Khách hàng thỉnh thoảng
200,JEANNE LAWSON,27,27,27,13,264,2006.0000,3.360370,136.73,2.8889,129.9259,0,0,Khách hàng thỉnh thoảng
206,TERRI VASQUEZ,27,26,27,13,67,2006.0000,3.138148,126.73,2.7407,110.4444,175,2,Khách hàng thỉnh thoảng
220,CHARLENE ALVAREZ,27,26,27,13,88,2006.0000,3.064074,114.73,3.0741,101.5926,175,2,Khách hàng thỉnh thoảng
228,ALLISON STANLEY,27,27,27,13,262,2006.0000,2.619630,92.73,2.9259,116.1111,0,0,Khách hàng thỉnh thoảng
280,TRACEY BARRETT,27,26,27,13,84,2006.0000,3.360370,118.73,2.7407,118.2222,175,2,Khách hàng thỉnh thoảng
282,JENNY CASTRO,27,27,27,15,265,2006.0000,2.471481,103.73,2.6667,105.7407,0,0,Khách hàng thỉnh thoảng
286,VELMA LUCAS,27,27,27,13,90,2006.0000,2.841852,117.73,2.7407,101.0741,175,2,Khách hàng thỉnh thoảng
292,MISTY LAMBERT,27,27,27,12,87,2006.0000,3.212222,118.73,2.8889,124.6667,176,2,Khách hàng thỉnh thoảng
331,ERIC ROBERT,27,27,27,13,90,2006.0000,2.990000,122.73,3.2222,112.6667,175,2,Khách hàng thỉnh thoảng
333,ANDREW PURDY,27,27,27,14,90,2006.0000,2.693704,109.73,3.4815,122.7778,176,2,Khách hàng thỉnh thoảng
383,MARTIN BALES,27,27,27,11,90,2006.0000,2.915926,103.73,2.6667,99.5926,175,2,Khách hàng thỉnh thoảng
396,EARL SHANKS,27,27,27,11,86,2006.0000,2.323333,111.73,2.7037,106.5556,176,2,Khách hàng thỉnh thoảng
407,DALE RATCLIFF,27,26,27,12,86,2006.0000,2.471481,112.73,2.7778,119.8148,176,2,Khách hàng thỉnh thoảng
421,LEE HAWKS,27,26,27,12,262,2006.0000,3.582593,119.73,2.5926,121.7037,0,0,Khách hàng thỉnh thoảng
426,BRADLEY MOTLEY,27,27,27,14,86,2006.0000,3.064074,126.73,2.6296,114.5926,176,2,Khách hàng thỉnh thoảng
434,EDDIE TOMLIN,27,27,27,12,86,2006.0000,3.212222,128.73,3.1481,114.9630,176,2,Khách hàng thỉnh thoảng
471,DEAN SAUER,27,27,27,13,87,2006.0000,3.064074,109.73,3.4815,124.6667,175,2,Khách hàng thỉnh thoảng
491,RICK MATTOX,27,26,27,14,88,2006.0000,3.582593,124.73,3.2222,120.1111,175,2,Khách hàng thỉnh thoảng
498,GENE SANBORN,27,27,27,14,86,2006.0000,2.249259,97.73,3.2593,117.1852,179,2,Khách hàng thỉnh thoảng
561,IAN STILL,27,27,27,12,260,2006.0000,2.397407,96.73,3.0000,116.1481,0,0,Khách hàng thỉnh thoảng
577,CLIFTON MALCOLM,27,27,27,15,89,2006.0000,2.693704,117.73,2.8889,117.3704,175,2,Khách hàng thỉnh thoảng
579,DARYL LARUE,27,26,27,13,241,2006.0000,2.545556,111.73,3.5185,129.1852,0,0,Khách hàng thỉnh thoảng
580,ROSS GREY,27,27,27,14,87,2006.0000,2.545556,99.73,2.8889,120.8148,175,2,Khách hàng thỉnh thoảng
581,VIRGIL WOFFORD,27,27,27,12,85,2006.0000,2.545556,107.73,3.0741,110.0000,175,2,Khách hàng thỉnh thoảng
591,KENT ARSENAULT,27,26,27,11,66,2006.0000,3.434444,134.73,3.2222,122.4074,178,2,Khách hàng thỉnh thoảng
594,EDUARDO HIATT,27,25,27,12,88,2006.0000,3.212222,130.73,2.8519,111.5185,176,2,Khách hàng thỉnh thoảng
3,LINDA WILLIAMS,26,26,26,13,88,2006.0000,3.297692,135.74,3.0000,114.2692,175,2,Khách hàng thỉnh thoảng
31,BRENDA WRIGHT,26,26,26,12,68,2006.0000,2.990000,104.74,2.5385,118.9231,175,2,Khách hàng thỉnh thoảng
44,MARIE TURNER,26,26,26,12,265,2006.0000,3.451538,114.74,3.2692,102.1538,0,0,Khách hàng thỉnh thoảng
82,KATHRYN COLEMAN,26,26,26,14,90,2006.0000,2.759231,130.74,3.0000,103.8846,175,2,Khách hàng thỉnh thoảng
105,DAWN SULLIVAN,26,26,26,10,88,2006.0000,3.066923,120.74,3.6923,127.9231,175,1,Khách hàng cao cấp
109,EDNA WEST,26,26,26,15,89,2006.0000,2.759231,107.74,3.4231,109.5000,175,2,Khách hàng thỉnh thoảng
111,CARMEN OWENS,26,25,26,11,262,2006.0000,2.605385,97.74,2.8846,115.2308,0,0,Khách hàng thỉnh thoảng
121,JOSEPHINE GOMEZ,26,26,26,14,89,2006.0000,2.682308,109.74,3.1154,103.1538,175,2,Khách hàng thỉnh thoảng
142,APRIL BURNS,26,25,26,14,265,2006.0000,2.374615,94.74,3.6923,117.0000,0,0,Khách hàng thỉnh thoảng
149,VALERIE BLACK,26,26,26,15,86,2006.0000,2.913077,121.74,2.7692,118.2692,175,2,Khách hàng thỉnh thoảng
170,BEATRICE ARNOLD,26,26,26,15,89,2006.0000,3.220769,119.74,3.1923,119.6923,175,2,Khách hàng thỉnh thoảng
171,DOLORES WAGNER,26,25,26,11,86,2006.0000,3.066923,114.74,2.7692,102.9615,175,2,Khách hàng thỉnh thoảng
182,RENEE LANE,26,26,26,13,88,2006.0000,2.682308,97.74,3.3462,136.0000,176,2,Khách hàng thỉnh thoảng
202,CARLA GUTIERREZ,26,26,26,13,69,2006.0000,2.605385,103.74,3.2692,107.4231,175,2,Khách hàng thỉnh thoảng
208,LUCY WHEELER,26,25,26,13,265,2006.0000,2.297692,91.74,3.0385,125.0769,0,0,Khách hàng thỉnh thoảng
215,JESSIE BANKS,26,26,26,13,261,2006.0000,2.913077,91.74,3.0385,121.5000,0,0,Khách hàng thỉnh thoảng
219,WILLIE HOWELL,26,26,26,14,263,2006.0000,2.682308,101.74,3.3077,110.6154,0,0,Khách hàng thỉnh thoảng
225,ARLENE HARVEY,26,26,26,15,84,2006.0000,2.759231,120.74,3.1154,117.5385,177,2,Khách hàng thỉnh thoảng
231,GEORGIA JACOBS,26,26,26,13,87,2006.0000,2.528462,110.74,3.3077,112.3846,176,2,Khách hàng thỉnh thoảng
234,CLAUDIA FULLER,26,25,26,13,259,2006.0000,2.913077,111.74,2.9615,109.8462,0,0,Khách hàng thỉnh thoảng
240,MARLENE WELCH,26,26,26,12,89,2006.0000,3.374615,117.74,3.3077,109.7692,175,2,Khách hàng thỉnh thoảng
261,DEANNA BYRD,26,26,26,13,89,2006.0000,2.990000,107.74,2.8846,107.5000,176,2,Khách hàng thỉnh thoảng
278,BILLIE HORTON,26,25,26,12,84,2006.0000,2.682308,88.74,2.9231,109.8077,175,2,Khách hàng thỉnh thoảng
285,MIRIAM MCKINNEY,26,26,26,14,70,2006.0000,3.220769,135.74,2.7692,102.7692,175,2,Khách hàng thỉnh thoảng
294,SHELLY WATTS,26,26,26,13,87,2006.0000,3.066923,113.74,3.0769,117.0000,175,2,Khách hàng thỉnh thoảng
298,ERIKA PENA,26,25,26,11,88,2006.0000,3.066923,101.74,3.1154,125.6154,175,2,Khách hàng thỉnh thoảng
303,WILLIAM SATTERFIELD,26,26,26,12,89,2006.0000,2.913077,100.74,3.1538,109.8462,175,2,Khách hàng thỉnh thoảng
304,DAVID ROYAL,26,26,26,12,89,2006.0000,2.836154,115.74,3.3846,110.7308,176,2,Khách hàng thỉnh thoảng
312,MARK RINEHART,26,26,26,13,89,2006.0000,2.682308,104.74,3.1923,117.4615,175,2,Khách hàng thỉnh thoảng
327,LARRY THRASHER,26,26,26,12,262,2006.0000,2.990000,112.74,2.9231,110.8077,0,0,Khách hàng thỉnh thoảng
357,KEITH RICO,26,26,26,11,90,2006.0000,2.605385,89.74,2.8462,110.7692,175,2,Khách hàng thỉnh thoảng
377,HOWARD FORTNER,26,26,26,13,65,2006.0000,2.220769,93.74,2.8462,105.5385,175,2,Khách hàng thỉnh thoảng
385,PHILLIP HOLM,26,26,26,10,85,2006.0000,2.913077,101.74,3.0000,115.4615,175,2,Khách hàng thỉnh thoảng
387,JESSE SCHILLING,26,26,26,15,88,2006.0000,2.528462,101.74,3.3077,108.8462,176,2,Khách hàng thỉnh thoảng
389,ALAN KAHN,26,26,26,15,84,2006.0000,2.990000,124.74,3.4231,117.6538,175,2,Khách hàng thỉnh thoảng
411,NORMAN CURRIER,26,26,26,11,261,2006.0000,2.374615,80.74,3.3846,104.0769,0,0,Khách hàng thỉnh thoảng
422,MELVIN ELLINGTON,26,25,26,12,263,2006.0000,2.605385,97.74,3.0385,114.9231,0,0,Khách hàng thỉnh thoảng
423,ALFRED CASILLAS,26,26,26,13,69,2006.0000,3.374615,120.74,3.1538,102.5000,175,2,Khách hàng thỉnh thoảng
425,FRANCIS SIKES,26,26,26,14,84,2006.0000,3.066923,104.74,2.7308,97.9615,175,2,Khách hàng thỉnh thoảng
445,MICHEAL FORMAN,26,26,26,11,88,2006.0000,2.682308,102.74,3.0769,109.7308,175,2,Khách hàng thỉnh thoảng
450,JAY ROBB,26,26,26,12,262,2006.0000,2.451538,89.74,3.6154,124.3462,0,0,Khách hàng thỉnh thoảng
474,DUSTIN GILLETTE,26,26,26,13,261,2006.0000,2.759231,100.74,2.6154,126.2692,0,0,Khách hàng thỉnh thoảng
486,GLEN TALBERT,26,26,26,13,83,2006.0000,3.220769,113.74,3.1154,111.4615,177,2,Khách hàng thỉnh thoảng
487,HECTOR POINDEXTER,26,26,26,13,64,2006.0000,3.143846,119.74,2.6538,118.6923,175,2,Khách hàng thỉnh thoảng
495,CHARLIE BESS,26,25,26,14,262,2006.0000,2.682308,120.74,3.3846,114.1154,0,0,Khách hàng thỉnh thoảng
510,BEN EASTER,26,25,26,13,89,2006.0000,3.297692,122.74,2.6154,119.6923,176,2,Khách hàng thỉnh thoảng
512,CECIL VINES,26,25,26,12,244,2006.0000,3.143846,115.74,3.1154,100.5385,0,0,Khách hàng thỉnh thoảng
516,ELMER NOE,26,25,26,15,263,2006.0000,2.605385,98.74,3.0769,108.7692,0,0,Khách hàng thỉnh thoảng
518,GABRIEL HARDER,26,26,26,11,86,2006.0000,3.143846,111.74,2.9615,119.1154,175,2,Khách hàng thỉnh thoảng
551,CLAYTON BARBEE,26,26,26,15,88,2006.0000,2.528462,96.74,2.9615,115.0000,176,2,Khách hàng thỉnh thoảng
570,IVAN CROMWELL,26,26,26,12,259,2006.0000,2.759231,99.74,3.4231,117.3846,0,0,Khách hàng thỉnh thoảng
587,SERGIO STANFIELD,26,26,26,13,264,2006.0000,3.143846,108.74,3.1538,109.9615,0,0,Khách hàng thỉnh thoảng
593,RENE MCALISTER,26,26,26,15,84,2006.0000,2.759231,113.74,2.5385,101.6538,177,2,Khách hàng thỉnh thoảng
10,DOROTHY TAYLOR,25,25,25,13,83,2006.0000,2.590000,99.75,3.0000,112.5200,176,2,Khách hàng thỉnh thoảng
24,KIMBERLY LEE,25,25,25,14,83,2006.0000,2.830000,95.75,2.7600,118.6000,176,2,Khách hàng thỉnh thoảng
41,STEPHANIE MITCHELL,25,25,25,11,240,2006.0000,3.390000,118.75,2.5600,120.3200,0,0,Khách hàng thỉnh thoảng
60,MILDRED BAILEY,25,25,25,14,264,2006.0000,2.750000,98.75,3.6400,118.8800,0,0,Khách hàng thỉnh thoảng
63,ASHLEY RICHARDSON,25,25,25,14,67,2006.0000,2.990000,112.75,3.1600,123.1600,176,2,Khách hàng thỉnh thoảng
69,JUDY GRAY,25,25,25,13,262,2006.0000,2.430000,96.75,3.0800,103.2400,0,0,Khách hàng thỉnh thoảng
83,LOUISE JENKINS,25,25,25,13,264,2006.0000,2.910000,101.75,2.6400,114.6400,0,0,Khách hàng thỉnh thoảng
98,LILLIAN GRIFFIN,25,25,25,14,89,2006.0000,2.910000,106.75,3.0800,118.4000,175,2,Khách hàng thỉnh thoảng
150,DANIELLE DANIELS,25,25,25,14,86,2006.0000,2.670000,105.75,3.1200,134.3200,177,2,Khách hàng thỉnh thoảng
155,GAIL KNIGHT,25,25,25,12,262,2006.0000,3.470000,109.75,2.8400,120.3600,0,0,Khách hàng thỉnh thoảng
156,BERTHA FERGUSON,25,25,25,14,84,2006.0000,2.830000,101.75,2.8000,106.5200,176,2,Khách hàng thỉnh thoảng
188,MELANIE ARMSTRONG,25,24,25,12,243,2006.0000,3.470000,92.75,2.9200,105.8000,0,0,Khách hàng thỉnh thoảng
193,KATIE ELLIOTT,25,24,25,12,264,2006.0000,3.550000,109.75,3.4400,118.4000,0,0,Khách hàng thỉnh thoảng
199,BETH FRANKLIN,25,25,25,12,262,2006.0000,3.150000,103.75,2.9200,124.4800,0,0,Khách hàng thỉnh thoảng
201,VICKI FIELDS,25,25,25,14,89,2006.0000,3.070000,108.75,3.4000,118.6400,175,2,Khách hàng thỉnh thoảng
229,TAMARA NGUYEN,25,25,25,14,241,2006.0000,2.670000,93.75,3.4800,120.8000,0,0,Khách hàng thỉnh thoảng
232,CONSTANCE REID,25,25,25,13,90,2006.0000,2.750000,95.75,2.7600,117.9600,175,2,Khách hàng thỉnh thoảng
235,JACKIE LYNCH,25,25,25,12,85,2006.0000,2.990000,93.75,3.2000,114.5200,176,2,Khách hàng thỉnh thoảng
264,GWENDOLYN MAY,25,25,25,13,245,2006.0000,2.830000,98.75,3.4000,115.6000,0,0,Khách hàng thỉnh thoảng
270,LEAH CURTIS,25,24,25,16,89,2006.0000,3.150000,104.75,3.4000,117.4000,175,2,Khách hàng thỉnh thoảng
305,RICHARD MCCRARY,25,24,25,11,90,2006.0000,3.150000,109.75,3.3600,125.1200,175,1,Khách hàng cao cấp
308,THOMAS GRIGSBY,25,25,25,13,87,2006.0000,3.150000,105.75,3.2400,109.2400,175,2,Khách hàng thỉnh thoảng
324,GARY COY,25,25,25,13,262,2006.0000,2.910000,103.75,3.3200,114.6000,0,0,Khách hàng thỉnh thoảng
326,JOSE ANDREW,25,25,25,13,81,2006.0000,2.750000,96.75,2.8000,106.1600,179,2,Khách hàng thỉnh thoảng
330,SCOTT SHELLEY,25,25,25,11,261,2006.0000,3.230000,94.75,3.6800,116.6400,0,0,Khách hàng thỉnh thoảng
343,DOUGLAS GRAF,25,25,25,12,90,2006.0000,2.830000,114.75,3.0000,122.2800,175,2,Khách hàng thỉnh thoảng
359,WILLIE MARKHAM,25,25,25,12,264,2006.0000,2.750000,101.75,3.0000,115.4800,0,0,Khách hàng thỉnh thoảng
369,FRED WHEAT,25,25,25,12,265,2006.0000,2.910000,88.75,2.9600,105.3600,0,0,Khách hàng thỉnh thoảng
384,ERNEST STEPP,25,23,25,12,89,2006.0000,2.590000,89.75,2.8400,116.9600,176,2,Khách hàng thỉnh thoảng
414,VINCENT RALSTON,25,24,25,13,90,2006.0000,3.070000,105.75,3.0400,107.3600,175,2,Khách hàng thỉnh thoảng
417,TRAVIS ESTEP,25,24,25,10,264,2006.0000,2.990000,110.75,3.1200,107.7600,0,0,Khách hàng thỉnh thoảng
419,CHAD CARBONE,25,25,25,14,90,2006.0000,2.750000,89.75,3.2800,98.9200,175,2,Khách hàng thỉnh thoảng
433,DON BONE,25,25,25,13,89,2006.0000,3.630000,133.75,2.6400,117.3600,175,2,Khách hàng thỉnh thoảng
435,RICKY SHELBY,25,25,25,13,85,2006.0000,2.670000,91.75,3.4400,127.1200,176,2,Khách hàng thỉnh thoảng
456,RONNIE RICKETTS,25,25,25,12,90,2006.0000,3.150000,100.75,3.4800,109.9200,175,2,Khách hàng thỉnh thoảng
460,LEON BOSTIC,25,24,25,14,89,2006.0000,3.150000,109.75,3.1600,114.5600,175,2,Khách hàng thỉnh thoảng
463,DARRELL POWER,25,24,25,12,86,2006.0000,2.750000,91.75,2.8800,118.9200,176,2,Khách hàng thỉnh thoảng
507,EDGAR RHOADS,25,25,25,14,89,2006.0000,2.990000,95.75,3.0800,119.3200,176,2,Khách hàng thỉnh thoảng
508,MILTON HOWLAND,25,25,25,14,263,2006.0000,2.990000,127.75,3.5200,118.0400,0,0,Khách hàng thỉnh thoảng
517,BRAD MCCURDY,25,25,25,13,85,2006.0000,3.470000,105.75,3.4000,125.8000,175,2,Khách hàng thỉnh thoảng
528,CLAUDE HERZOG,25,24,25,13,89,2006.0000,3.070000,111.75,3.1200,119.8400,175,2,Khách hàng thỉnh thoảng
531,JAMIE WAUGH,25,25,25,13,88,2006.0000,3.470000,118.75,2.7600,123.0400,176,2,Khách hàng thỉnh thoảng
536,FERNANDO CHURCHILL,25,25,25,13,89,2006.0000,3.310000,117.75,3.0000,115.8800,175,2,Khách hàng thỉnh thoảng
537,CLINTON BUFORD,25,25,25,14,262,2006.0000,3.070000,103.75,3.0800,113.5600,0,0,Khách hàng thỉnh thoảng
546,KELLY KNOTT,25,25,25,13,89,2006.0000,2.910000,103.75,3.0800,110.1200,175,2,Khách hàng thỉnh thoảng
562,WALLACE SLONE,25,24,25,14,86,2006.0000,2.910000,109.75,2.4800,118.7600,175,2,Khách hàng thỉnh thoảng
572,SIDNEY BURLESON,25,25,25,14,84,2006.0000,2.510000,108.75,3.1200,117.2400,178,2,Khách hàng thỉnh thoảng
582,ANDY VANHORN,25,24,25,13,264,2006.0000,2.910000,113.75,3.2400,107.0000,0,0,Khách hàng thỉnh thoảng
590,SETH HANNON,25,25,25,11,262,2006.0000,3.310000,112.75,2.9200,115.0800,0,0,Khách hàng thỉnh thoảng
597,FREDDIE DUGGAN,25,25,25,13,265,2006.0000,3.150000,99.75,3.1600,107.5600,0,0,Khách hàng thỉnh thoảng
8,SUSAN WILSON,24,23,24,12,85,2006.0000,2.906667,92.76,3.0417,133.6667,175,1,Khách hàng cao cấp
11,LISA ANDERSON,24,24,24,12,260,2006.0000,2.823333,106.76,3.0833,127.0417,0,0,Khách hàng thỉnh thoảng
19,RUTH MARTINEZ,24,23,24,12,90,2006.0000,3.406667,125.76,3.0000,111.2083,175,2,Khách hàng thỉnh thoảng
34,REBECCA SCOTT,24,24,24,12,65,2006.0000,2.990000,89.76,3.2083,120.2083,177,1,Khách hàng cao cấp
43,CHRISTINE ROBERTS,24,23,24,12,265,2006.0000,3.656667,99.76,3.1667,110.0417,0,0,Khách hàng thỉnh thoảng
73,BEVERLY BROOKS,24,23,24,11,265,2006.0000,3.323333,97.76,3.0833,108.6250,0,0,Khách hàng thỉnh thoảng
99,EMILY DIAZ,24,23,24,12,260,2006.0000,2.656667,91.76,3.5417,112.4583,0,0,Khách hàng thỉnh thoảng
100,ROBIN HAYES,24,24,24,12,265,2006.0000,3.073333,102.76,3.0417,116.9583,0,0,Khách hàng thỉnh thoảng
101,PEGGY MYERS,24,24,24,10,263,2006.0000,2.656667,96.76,2.9583,107.9167,0,0,Khách hàng thỉnh thoảng
104,RITA GRAHAM,24,24,24,13,88,2006.0000,2.323333,92.76,2.9167,122.0417,176,2,Khách hàng thỉnh thoảng
123,SHANNON FREEMAN,24,24,24,12,85,2006.0000,2.406667,100.76,3.1667,111.5833,175,2,Khách hàng thỉnh thoảng
127,ELAINE STEVENS,24,24,24,13,88,2006.0000,2.990000,107.76,2.5833,124.2083,175,2,Khách hàng thỉnh thoảng
130,CHARLOTTE HUNTER,24,24,24,13,91,2006.0000,2.990000,93.76,2.7083,117.8333,175,2,Khách hàng thỉnh thoảng
153,SUZANNE NICHOLS,24,24,24,14,66,2006.0000,2.906667,94.76,3.2917,114.6250,175,2,Khách hàng thỉnh thoảng
175,ANNETTE OLSON,24,24,24,12,244,2006.0000,3.073333,98.76,3.0833,114.9583,0,0,Khách hàng thỉnh thoảng
227,COLLEEN BURTON,24,24,24,11,265,2006.0000,2.573333,87.76,2.7083,111.1667,0,0,Khách hàng thỉnh thoảng
243,LYDIA BURKE,24,24,24,10,87,2006.0000,2.573333,82.76,3.2500,112.6250,177,1,Khách hàng cao cấp
258,MYRTLE FLEMING,24,24,24,12,67,2006.0000,3.323333,110.76,3.2083,118.8333,176,2,Khách hàng thỉnh thoảng
288,BOBBIE CRAIG,24,24,24,13,89,2006.0000,2.406667,80.76,3.1250,115.2917,176,2,Khách hàng thỉnh thoảng
351,JACK FOUST,24,24,24,12,84,2006.0000,2.573333,89.76,2.8750,116.2500,175,2,Khách hàng thỉnh thoảng
375,AARON SELBY,24,23,24,10,89,2006.0000,3.573333,110.76,3.0000,112.1250,175,1,Khách hàng cao cấp
382,VICTOR BARKLEY,24,24,24,14,88,2006.0000,3.073333,91.76,3.2500,122.9167,175,2,Khách hàng thỉnh thoảng
427,JESUS MCCARTNEY,24,24,24,12,89,2006.0000,2.656667,114.76,2.8750,104.1667,176,2,Khách hàng thỉnh thoảng
455,JON WILES,24,24,24,14,90,2006.0000,2.740000,87.76,2.7917,106.3333,175,2,Khách hàng thỉnh thoảng
475,PEDRO CHESTNUT,24,24,24,10,87,2006.0000,2.823333,103.76,3.3333,114.5833,176,1,Khách hàng cao cấp
490,SAM MCDUFFIE,24,24,24,12,87,2006.0000,3.823333,117.76,2.8750,107.3333,175,2,Khách hàng thỉnh thoảng
511,CHESTER BENNER,24,23,24,11,89,2006.0000,3.073333,99.76,2.7917,110.2500,176,1,Khách hàng cao cấp
527,CORY MEEHAN,24,24,24,11,244,2006.0000,2.156667,81.76,2.9583,120.5833,0,0,Khách hàng thỉnh thoảng
534,CHRISTIAN JUNG,24,24,24,13,264,2006.0000,2.406667,88.76,3.2083,117.9583,0,0,Khách hàng thỉnh thoảng
540,TYRONE ASHER,24,24,24,14,69,2006.0000,3.490000,112.76,2.6250,118.0417,175,2,Khách hàng thỉnh thoảng
541,DARREN WINDHAM,24,23,24,14,84,2006.0000,2.740000,108.76,3.3333,115.7500,175,2,Khách hàng thỉnh thoảng
553,MAX PITT,24,24,24,14,86,2006.0000,3.240000,107.76,3.0833,119.8750,175,2,Khách hàng thỉnh thoảng
557,FELIX GAFFNEY,24,23,24,14,263,2006.0000,2.406667,73.76,2.7917,116.2917,0,0,Khách hàng thỉnh thoảng
564,BOB PFEIFFER,24,24,24,12,88,2006.0000,2.490000,91.76,3.3750,113.2917,176,1,Khách hàng cao cấp
571,JOHNNIE CHISHOLM,24,23,24,13,89,2006.0000,3.406667,121.76,3.3333,118.1250,175,2,Khách hàng thỉnh thoảng
585,PERRY SWAFFORD,24,24,24,12,244,2006.0000,3.490000,117.76,3.5833,126.5000,0,0,Khách hàng thỉnh thoảng
9,MARGARET MOORE,23,23,23,11,263,2006.0000,2.990000,89.77,2.5217,116.5217,0,0,Khách hàng thỉnh thoảng
37,PAMELA BAKER,23,23,23,11,90,2006.0000,2.555217,95.77,2.9565,106.7391,175,1,Khách hàng cao cấp
62,JOAN COOPER,23,23,23,13,85,2006.0000,2.642174,84.77,3.0000,123.9130,175,1,Khách hàng cao cấp
76,IRENE PRICE,23,23,23,11,87,2006.0000,2.207391,77.77,3.6087,107.8261,175,1,Khách hàng cao cấp
85,ANNE POWELL,23,23,23,12,83,2006.0000,2.816087,87.77,3.0000,108.2609,178,1,Khách hàng cao cấp
93,PHYLLIS FOSTER,23,23,23,12,90,2006.0000,2.729130,91.77,3.4783,115.5652,175,1,Khách hàng cao cấp
106,CONNIE WALLACE,23,23,23,13,86,2006.0000,3.076957,100.77,2.9565,121.5217,176,2,Khách hàng thỉnh thoảng
134,EMMA BOYD,23,23,23,11,88,2006.0000,2.903043,94.77,3.2609,120.3043,175,1,Khách hàng cao cấp
177,SAMANTHA DUNCAN,23,23,23,13,68,2006.0000,2.207391,71.77,2.9565,129.6522,176,1,Khách hàng cao cấp
180,STACY CUNNINGHAM,23,23,23,14,259,2006.0000,2.816087,98.77,2.6957,128.8261,0,0,Khách hàng thỉnh thoảng
183,IDA ANDREWS,23,23,23,13,85,2006.0000,2.468261,76.77,2.5652,127.2609,178,1,Khách hàng cao cấp
184,VIVIAN RUIZ,23,23,23,14,89,2006.0000,2.729130,90.77,2.8696,115.1739,175,2,Khách hàng thỉnh thoảng
185,ROBERTA HARPER,23,23,23,10,88,2006.0000,2.468261,84.77,2.8261,105.0870,177,1,Khách hàng cao cấp
192,LAURIE LAWRENCE,23,23,23,13,260,2006.0000,3.076957,99.77,2.8261,113.8696,0,0,Khách hàng thỉnh thoảng
216,NATALIE MEYER,23,23,23,12,259,2006.0000,3.250870,95.77,2.8696,117.9130,0,0,Khách hàng thỉnh thoảng
217,AGNES BISHOP,23,23,23,12,85,2006.0000,3.250870,98.77,3.3043,119.1739,176,1,Khách hàng cao cấp
233,LILLIE KIM,23,23,23,14,67,2006.0000,2.990000,89.77,2.8261,115.5652,175,2,Khách hàng thỉnh thoảng
246,MARIAN MENDOZA,23,22,23,10,90,2006.0000,2.990000,107.77,2.9565,119.6957,175,1,Khách hàng cao cấp
249,DORA MEDINA,23,22,23,13,88,2006.0000,3.250870,107.77,3.3913,124.0000,176,1,Khách hàng cao cấp
291,TONI HOLT,23,23,23,15,90,2006.0000,2.642174,95.77,3.2609,107.5652,175,2,Khách hàng thỉnh thoảng
311,PAUL TROUT,23,23,23,13,89,2006.0000,3.250870,120.77,2.6522,123.5652,175,2,Khách hàng thỉnh thoảng
313,DONALD MAHON,23,22,23,15,87,2006.0000,2.816087,89.77,2.6087,110.3478,175,2,Khách hàng thỉnh thoảng
328,JEFFREY SPEAR,23,23,23,13,85,2006.0000,2.816087,90.77,3.1739,116.4348,175,1,Khách hàng cao cấp
335,GREGORY MAULDIN,23,22,23,11,238,2006.0000,2.555217,78.77,3.0000,122.6957,0,0,Khách hàng thỉnh thoảng
341,PETER MENARD,23,23,23,13,69,2006.0000,2.729130,106.77,3.1739,113.4348,175,2,Khách hàng thỉnh thoảng
345,CARL ARTIS,23,23,23,12,89,2006.0000,3.511739,106.77,3.0870,114.9565,175,1,Khách hàng cao cấp
350,JUAN FRALEY,23,23,23,12,90,2006.0000,2.468261,73.77,3.1304,108.4783,175,1,Khách hàng cao cấp
352,ALBERT CROUSE,23,23,23,14,261,2006.0000,3.337826,99.77,3.3043,114.8261,0,0,Khách hàng thỉnh thoảng
364,BENJAMIN VARNEY,23,23,23,9,87,2006.0000,3.337826,95.77,2.8261,125.9565,176,1,Khách hàng cao cấp
365,BRUCE SCHWARZ,23,23,23,12,88,2006.0000,3.685652,103.77,3.2174,122.3043,177,1,Khách hàng cao cấp
379,CARLOS COUGHLIN,23,22,23,13,89,2006.0000,3.511739,106.77,3.3478,109.6522,175,1,Khách hàng cao cấp
392,SEAN DOUGLASS,23,23,23,14,66,2006.0000,2.642174,91.77,3.3478,103.3043,177,2,Khách hàng thỉnh thoảng
409,RODNEY MOELLER,23,22,23,13,87,2006.0000,2.816087,104.77,3.3478,116.6087,177,1,Khách hàng cao cấp
415,GLENN PULLEN,23,22,23,14,87,2006.0000,3.076957,93.77,2.6522,131.6957,175,2,Khách hàng thỉnh thoảng
431,JOEL FRANCISCO,23,23,23,11,259,2006.0000,2.903043,95.77,2.7826,106.0870,0,0,Khách hàng thỉnh thoảng
432,EDWIN BURK,23,23,23,11,88,2006.0000,3.511739,116.77,3.2174,123.8696,175,1,Khách hàng cao cấp
437,RANDALL NEUMANN,23,22,23,11,88,2006.0000,2.990000,99.77,3.0000,110.9565,176,1,Khách hàng cao cấp
453,CALVIN MARTEL,23,23,23,14,65,2006.0000,2.903043,111.77,2.7391,118.6957,175,2,Khách hàng thỉnh thoảng
466,LEO EBERT,23,23,23,13,84,2006.0000,3.163913,104.77,3.0000,118.4783,175,2,Khách hàng thỉnh thoảng
493,BRENT HARKINS,23,23,23,13,262,2006.0000,3.772609,112.77,2.8261,114.7391,0,0,Khách hàng thỉnh thoảng
519,RON DELUCA,23,23,23,13,83,2006.0000,2.729130,103.77,3.2174,129.6957,176,1,Khách hàng cao cấp
521,ROLAND SOUTH,23,23,23,12,243,2006.0000,2.294348,80.77,3.2174,117.1739,0,0,Khách hàng thỉnh thoảng
530,DARRYL ASHCRAFT,23,23,23,14,260,2006.0000,2.555217,76.77,2.9130,107.6957,0,0,Khách hàng thỉnh thoảng
547,KURT EMMONS,23,23,23,12,88,2006.0000,3.337826,99.77,3.0000,116.1739,176,1,Khách hàng cao cấp
583,MARSHALL THORN,23,22,23,11,67,2006.0000,3.250870,117.77,3.6087,113.7391,177,1,Khách hàng cao cấp
4,BARBARA JONES,22,22,22,14,69,2006.0000,2.899091,81.78,2.4091,117.2727,175,2,Khách hàng thỉnh thoảng
18,CAROL GARCIA,22,21,22,14,87,2006.0000,3.353636,91.78,3.1364,110.2273,178,1,Khách hàng cao cấp
22,LAURA RODRIGUEZ,22,22,22,12,263,2006.0000,3.626364,113.78,3.1818,108.3636,0,0,Khách hàng thỉnh thoảng
47,FRANCES PARKER,22,20,22,10,89,2006.0000,2.990000,108.78,3.8182,105.3182,175,1,Khách hàng cao cấp
55,DORIS REED,22,21,22,14,86,2006.0000,3.808182,100.78,2.8636,125.2727,176,1,Khách hàng cao cấp
65,ROSE HOWARD,22,22,22,12,87,2006.0000,2.808182,103.78,3.3636,100.3636,177,1,Khách hàng cao cấp
67,KELLY TORRES,22,22,22,12,87,2006.0000,3.262727,99.78,2.8182,108.9545,176,1,Khách hàng cao cấp
68,NICOLE PETERSON,22,22,22,12,68,2006.0000,2.990000,94.78,2.9091,103.2273,175,1,Khách hàng cao cấp
79,RACHEL BARNES,22,22,22,10,83,2006.0000,3.080909,84.78,3.0455,115.5909,177,1,Khách hàng cao cấp
81,ANDREA HENDERSON,22,22,22,10,89,2006.0000,3.171818,93.78,3.5000,113.0455,175,1,Khách hàng cao cấp
143,LESLIE GORDON,22,22,22,13,89,2006.0000,3.171818,89.78,2.8182,104.3636,175,1,Khách hàng cao cấp
169,ERICA MATTHEWS,22,21,22,12,87,2006.0000,3.080909,95.78,3.5455,123.9545,175,1,Khách hàng cao cấp
189,LORETTA CARPENTER,22,22,22,13,84,2006.0000,3.080909,93.78,2.7727,127.5909,175,1,Khách hàng cao cấp
224,PEARL GARZA,22,22,22,11,69,2006.0000,2.171818,76.78,3.0000,120.0909,175,1,Khách hàng cao cấp
247,STELLA MORENO,22,22,22,12,89,2006.0000,3.262727,104.78,2.9545,119.6364,175,1,Khách hàng cao cấp
252,MATTIE HOFFMAN,22,22,22,12,261,2006.0000,2.353636,64.78,3.0909,117.2727,0,0,Khách hàng thỉnh thoảng
321,KEVIN SCHULER,22,21,22,13,89,2006.0000,2.990000,116.78,3.2727,116.0000,175,1,Khách hàng cao cấp
325,TIMOTHY BUNN,22,21,22,12,89,2006.0000,3.353636,91.78,2.3636,106.0909,176,1,Khách hàng cao cấp
367,ADAM GOOCH,22,22,22,12,83,2006.0000,3.353636,101.78,3.4545,110.7727,177,1,Khách hàng cao cấp
394,CHRIS BROTHERS,22,22,22,14,264,2006.0000,2.808182,84.78,3.4091,112.5000,0,0,Khách hàng thỉnh thoảng
430,RAY HOULE,22,22,22,11,89,2006.0000,2.535455,79.78,2.8636,126.8636,176,1,Khách hàng cao cấp
440,BERNARD COLBY,22,21,22,13,260,2006.0000,3.262727,88.78,2.7727,125.4545,0,0,Khách hàng thỉnh thoảng
443,FRANCISCO SKIDMORE,22,22,22,13,84,2006.0000,3.080909,98.78,3.0909,109.8636,175,1,Khách hàng cao cấp
476,DERRICK BOURQUE,22,20,22,12,262,2006.0000,3.171818,95.78,3.1364,113.5000,0,0,Khách hàng thỉnh thoảng
477,DAN PAINE,22,22,22,12,85,2006.0000,3.717273,109.78,3.0455,125.0000,175,1,Khách hàng cao cấp
480,COREY HAUSER,22,22,22,14,87,2006.0000,2.899091,101.78,3.0000,107.1818,175,2,Khách hàng thỉnh thoảng
488,SHANE MILLARD,22,22,22,13,68,2006.0000,3.171818,95.78,3.5000,120.4091,175,1,Khách hàng cao cấp
514,FRANKLIN TROUTMAN,22,22,22,13,87,2006.0000,2.626364,74.78,3.2727,107.5455,175,1,Khách hàng cao cấp
523,HARVEY GUAJARDO,22,22,22,12,89,2006.0000,2.990000,93.78,2.8636,117.8636,176,1,Khách hàng cao cấp
539,MATHEW BOLIN,22,22,22,11,88,2006.0000,2.717273,90.78,3.4545,121.5000,176,1,Khách hàng cao cấp
543,LANCE PEMBERTON,22,21,22,13,89,2006.0000,2.990000,82.78,3.0909,117.8636,175,1,Khách hàng cao cấp
544,CODY NOLEN,22,22,22,13,88,2006.0000,2.899091,98.78,2.6364,123.2273,175,1,Khách hàng cao cấp
554,DWAYNE OLVERA,22,22,22,11,87,2006.0000,3.444545,101.78,3.1364,126.4545,175,1,Khách hàng cao cấp
578,WILLARD LUMPKIN,22,22,22,12,87,2006.0000,3.171818,96.78,2.8182,103.8636,175,1,Khách hàng cao cấp
598,WADE DELVALLE,22,22,22,13,64,2006.0000,2.717273,83.78,2.3636,127.4545,175,1,Khách hàng cao cấp
17,DONNA THOMPSON,21,21,21,9,89,2006.0000,3.275714,98.79,2.5714,129.0476,175,1,Khách hàng cao cấp
33,ANNA HILL,21,21,21,14,264,2006.0000,3.180476,91.79,3.2381,120.0952,0,0,Khách hàng thỉnh thoảng
88,BONNIE HUGHES,21,21,21,13,90,2006.0000,2.609048,87.79,2.8571,106.7143,175,1,Khách hàng cao cấp
94,NORMA GONZALES,21,21,21,13,265,2006.0000,2.609048,79.79,3.0952,108.1905,0,0,Khách hàng thỉnh thoảng
118,KIM CRUZ,21,20,21,12,88,2006.0000,2.894762,82.79,3.1905,106.4762,175,1,Khách hàng cao cấp
152,ALICIA MILLS,21,21,21,13,263,2006.0000,3.180476,83.79,2.7143,119.9048,0,0,Khách hàng thỉnh thoảng
159,JILL HAWKINS,21,21,21,10,87,2006.0000,2.323333,68.79,3.2381,110.1429,176,1,Khách hàng cao cấp
165,LORRAINE STEPHENS,21,21,21,12,88,2006.0000,3.085238,86.79,3.1905,113.7143,175,1,Khách hàng cao cấp
174,YVONNE WATKINS,21,21,21,11,90,2006.0000,3.275714,92.79,3.2381,119.6667,175,1,Khách hàng cao cấp
222,DELORES HANSEN,21,21,21,14,89,2006.0000,2.418571,91.79,3.5238,114.9048,177,1,Khách hàng cao cấp
226,MAUREEN LITTLE,21,21,21,14,63,2006.0000,2.990000,87.79,3.0000,127.6667,175,1,Khách hàng cao cấp
238,NELLIE GARRETT,21,21,21,12,89,2006.0000,3.370952,94.79,2.9048,99.9048,175,1,Khách hàng cao cấp
301,ROBERT BAUGHMAN,21,21,21,14,89,2006.0000,3.085238,92.79,3.2857,119.2381,176,1,Khách hàng cao cấp
358,SAMUEL MARLOW,21,20,21,11,82,2006.0000,2.894762,80.79,3.6190,109.0952,178,1,Khách hàng cao cấp
399,DANNY ISOM,21,21,21,10,90,2006.0000,2.990000,91.79,3.0000,124.7143,175,1,Khách hàng cao cấp
401,TONY CARRANZA,21,21,21,14,89,2006.0000,2.704286,73.79,3.5238,116.0476,175,1,Khách hàng cao cấp
412,ALLEN BUTTERFIELD,21,20,21,9,264,2006.0000,2.894762,85.79,2.6667,110.9048,0,1,Khách hàng cao cấp
413,MARVIN YEE,21,21,21,12,90,2006.0000,3.085238,75.79,2.8095,139.9524,175,1,Khách hàng cao cấp
420,JACOB LANCE,21,21,21,12,86,2006.0000,2.799524,79.79,3.2857,118.2381,175,1,Khách hàng cao cấp
429,FREDERICK ISBELL,21,21,21,12,87,2006.0000,3.561429,105.79,2.7143,112.7143,177,1,Khách hàng cao cấp
489,RICARDO MEADOR,21,21,21,8,89,2006.0000,3.466190,99.79,3.1905,134.1905,175,1,Khách hàng cao cấp
496,TYLER WREN,21,21,21,11,263,2006.0000,3.180476,88.79,2.8095,114.4762,0,1,Khách hàng cao cấp
501,RUBEN GEARY,21,21,21,12,87,2006.0000,3.085238,89.79,3.0476,100.3333,175,1,Khách hàng cao cấp
505,RAFAEL ABNEY,21,21,21,11,264,2006.0000,3.180476,97.79,2.9524,117.9524,0,1,Khách hàng cao cấp
545,JULIO NOLAND,21,21,21,11,89,2006.0000,3.085238,89.79,4.3333,107.5238,175,1,Khách hàng cao cấp
552,HUGH WALDROP,21,20,21,13,89,2006.0000,3.085238,90.79,2.5238,120.9524,175,1,Khách hàng cao cấp
556,ARMANDO GRUBER,21,21,21,13,89,2006.0000,2.513810,83.79,3.1905,102.0000,175,1,Khách hàng cao cấp
568,ALBERTO HENNING,21,21,21,12,243,2006.0000,2.894762,66.79,3.0952,132.3333,0,1,Khách hàng cao cấp
162,LAUREN HUDSON,20,20,20,12,264,2006.0000,2.890000,71.80,3.0000,123.1000,0,1,Khách hàng cao cấp
191,JEANETTE GREENE,20,20,20,12,259,2006.0000,2.890000,74.80,3.3000,109.8500,0,1,Khách hàng cao cấp
203,TARA RYAN,20,20,20,10,89,2006.0000,2.990000,88.80,3.4000,131.7000,175,1,Khách hàng cao cấp
212,WILMA RICHARDS,20,20,20,9,69,2006.0000,2.590000,91.80,3.0500,132.0500,175,1,Khách hàng cao cấp
250,JO FOWLER,20,20,20,11,89,2006.0000,2.890000,73.80,2.8000,105.3500,176,1,Khách hàng cao cấp
272,KAY CALDWELL,20,20,20,10,87,2006.0000,3.390000,98.80,3.0000,106.6500,178,1,Khách hàng cao cấp
310,DANIEL CABRAL,20,19,20,10,89,2006.0000,3.690000,97.80,3.5000,119.0000,176,1,Khách hàng cao cấp
320,ANTHONY SCHWAB,20,20,20,13,68,2006.0000,2.990000,71.80,2.9000,125.1500,176,1,Khách hàng cao cấp
355,TERRY GRISSOM,20,20,20,12,259,2006.0000,2.390000,72.80,3.2000,123.2000,0,1,Khách hàng cao cấp
402,LUIS YANEZ,20,20,20,13,86,2006.0000,2.990000,79.80,3.2000,119.0000,175,1,Khách hàng cao cấp
428,HERBERT KRUGER,20,20,20,12,81,2006.0000,2.290000,78.80,2.4000,126.7000,181,1,Khách hàng cao cấp
449,OSCAR AQUINO,20,20,20,13,88,2006.0000,2.990000,99.80,2.9500,105.9500,176,1,Khách hàng cao cấp
509,RAUL FORTIER,20,20,20,11,90,2006.0000,3.590000,100.80,2.9000,110.6000,175,1,Khách hàng cao cấp
549,NELSON CHRISTENSON,20,20,20,11,89,2006.0000,3.090000,77.80,2.7500,105.9500,177,1,Khách hàng cao cấp
567,ALFREDO MCADAMS,20,20,20,12,65,2006.0000,3.490000,85.80,3.2500,117.8500,175,1,Khách hàng cao cấp
117,EDITH MCDONALD,19,18,19,11,86,2006.0000,2.884737,71.81,3.2632,116.3158,175,1,Khách hàng cao cấp
195,VANESSA SIMS,19,19,19,11,47,2006.0000,3.095263,86.81,3.9474,110.6842,175,1,Khách hàng cao cấp
370,WAYNE TRUONG,19,19,19,12,69,2006.0000,2.674211,70.81,3.4737,107.5789,175,1,Khách hàng cao cấp
378,EUGENE CULPEPPER,19,19,19,12,87,2006.0000,3.200526,71.81,2.5263,113.5789,176,1,Khách hàng cao cấp
395,JOHNNY TURPIN,19,19,19,10,69,2006.0000,2.568947,57.81,3.2632,97.1579,175,1,Khách hàng cao cấp
458,LLOYD DOWD,19,18,19,12,65,2006.0000,2.358421,66.81,2.9474,117.4211,175,1,Khách hàng cao cấp
478,LEWIS LYMAN,19,19,19,10,68,2006.0000,3.095263,86.81,2.7895,101.7368,175,1,Khách hàng cao cấp
524,JARED ELY,19,19,19,13,89,2006.0000,3.305789,87.81,2.7895,121.7895,176,1,Khách hàng cao cấp
525,ADRIAN CLARY,19,18,19,9,263,2006.0000,2.674211,74.81,3.2105,130.6842,0,1,Khách hàng cao cấp
548,ALLAN CORNISH,19,19,19,10,264,2006.0000,2.674211,79.81,3.3158,100.8421,0,1,Khách hàng cao cấp
586,KIRK STCLAIR,19,19,19,12,90,2006.0000,2.779474,64.81,3.4737,118.8421,175,1,Khách hàng cao cấp
599,AUSTIN CINTRON,19,19,19,11,84,2006.0000,3.200526,83.81,3.1579,103.2105,175,1,Khách hàng cao cấp
70,CHRISTINA RAMIREZ,18,17,18,11,84,2006.0000,3.323333,80.82,3.0000,121.0000,175,1,Khách hàng cao cấp
95,PAULA BRYANT,18,18,18,11,85,2006.0000,2.990000,77.82,3.3889,115.7778,177,1,Khách hàng cao cấp
97,ANNIE RUSSELL,18,18,18,10,66,2006.0000,2.878889,58.82,3.6667,109.1667,176,1,Khách hàng cao cấp
124,SHEILA WELLS,18,18,18,13,86,2006.0000,2.434444,73.82,3.7778,119.3333,175,1,Khách hàng cao cấp
140,EVA RAMOS,18,18,18,11,68,2006.0000,2.990000,83.82,3.3889,108.0556,175,1,Khách hàng cao cấp
194,KRISTEN CHAVEZ,18,18,18,11,88,2006.0000,3.434444,87.82,3.3889,118.3333,175,1,Khách hàng cao cấp
205,EILEEN CARR,18,18,18,14,68,2006.0000,2.878889,80.82,3.3889,112.8333,176,1,Khách hàng cao cấp
218,VERA MCCOY,18,18,18,12,69,2006.0000,2.434444,67.82,3.3889,126.3889,175,1,Khách hàng cao cấp
255,IRMA PEARSON,18,18,18,11,67,2006.0000,2.767778,70.82,3.5000,118.2222,177,1,Khách hàng cao cấp
271,PENNY NEAL,18,18,18,13,83,2006.0000,2.545556,68.82,3.1111,96.5556,176,1,Khách hàng cao cấp
344,HENRY BILLINGSLEY,18,18,18,11,88,2006.0000,2.656667,73.82,3.1111,129.1667,176,1,Khách hàng cao cấp
353,JONATHAN SCARBOROUGH,18,18,18,12,84,2006.0000,2.878889,72.82,2.8889,110.2222,175,1,Khách hàng cao cấp
483,VERNON CHAPA,18,18,18,11,82,2006.0000,3.434444,88.82,2.7778,126.1111,179,1,Khách hàng cao cấp
542,LONNIE TIRADO,18,18,18,10,88,2006.0000,3.323333,94.82,2.8333,101.8889,176,1,Khách hàng cao cấp
48,ANN EVANS,17,17,17,10,89,2006.0000,2.754706,76.83,3.0588,129.5294,176,1,Khách hàng cao cấp
223,MELINDA FERNANDEZ,17,17,17,11,87,2006.0000,3.578235,80.83,2.5882,134.1765,175,1,Khách hàng cao cấp
315,KENNETH GOODEN,17,17,17,13,262,2006.0000,3.107647,84.83,2.5294,119.5882,0,1,Khách hàng cao cấp
465,FLOYD GANDY,17,17,17,10,87,2006.0000,2.872353,69.83,3.1176,121.3529,175,1,Khách hàng cao cấp
555,DWIGHT LOMBARDI,17,17,17,10,62,2006.0000,2.637059,74.83,2.9412,108.5882,176,1,Khách hàng cao cấp
164,JOANN GARDNER,16,16,16,11,81,2006.0000,2.615000,66.84,3.6250,122.6875,178,1,Khách hàng cao cấp
398,ANTONIO MEEK,16,16,16,9,87,2006.0000,3.240000,78.84,2.9375,90.6875,176,1,Khách hàng cao cấp
464,JEROME KENYON,16,15,16,10,89,2006.0000,2.615000,73.84,2.5000,104.9375,175,1,Khách hàng cao cấp
492,LESTER KRAUS,16,16,16,10,90,2006.0000,3.115000,65.84,3.4375,121.4375,175,1,Khách hàng cao cấp
136,ANITA MORALES,15,15,15,11,84,2006.0000,2.723333,62.85,3.0667,133.2667,175,1,Khách hàng cao cấp
248,CAROLINE BOWMAN,15,15,15,9,87,2006.0000,2.590000,50.85,3.1333,123.1333,176,1,Khách hàng cao cấp
61,KATHERINE RIVERA,14,14,14,10,84,2006.0000,2.132857,58.86,2.8571,115.3571,175,1,Khách hàng cao cấp
110,TIFFANY JORDAN,14,14,14,9,86,2006.0000,2.847143,59.86,3.5714,119.0714,176,1,Khách hàng cao cấp
281,LEONA OBRIEN,14,14,14,8,85,2006.0000,1.847143,50.86,2.7143,113.4286,177,1,Khách hàng cao cấp
318,BRIAN WYMAN,12,12,12,6,87,2006.0000,2.323333,52.88,2.6667,105.4167,177,1,Khách hàng cao cấp
